"Name","Wallet","Time"
"@Batumi0","0x6602A4cF6C23910610Bb9FAc56589AA55E736bCE","01:00:48"
"@Clansy314495853","0x47712673daBA17cc2ddEAA285A8aCBA33012e643","01:05:21"
"@greg24000","0xC97C85ED41e05c751B65c643a28Fbceef1146dC9","01:10:38"
"@Zackxzackx","0xFaaBdFEcC4CEB7c069357558d503465177DBB8A1","01:14:56"
"@Forbjn","0x6Dd653fE18F5e2b04E3e6A507aABfF563D4924Cf","01:55"
"@CarquetE","0x42D25912dC9945236C646F72d179bFe4547b8Fb1","01:58"
"@Forbjn","0x6Dd653fE18F5e2b04E3e6A507aABfF563D4924Cf","01:59"
"@Forbjn","0x6Dd653fE18F5e2b04E3e6A507aABfF563D4924Cf","02:01"
"@AurlienTag26994","0x5693F9afBc5cE855E63863cD3AEE1877142bB9C6","02:21"
"@yasaiyasan776","0x587c855Ab2A7521dFA4DBBf2a8A959F785A7fc20","02:26"
"@kevin_laroux","0x8c0DA62b2F992eC731cE92Fc30B1B5227D8C14a7","02:28"
"@MedCnft","0x38Ff62379D89b9Df9B4f742ab35E03A098C6f9c4","02:31"
"@Argan_11","0x6A599Cf6038237DA282c77db03649A72445FC6F9","02:33"
"@A5Kervarrec","0x158B97BFC03aF713fafF7c3687c6611Bf259C93C","02:33"
"@hlaws13","0x594b85B4552A9D89A36f3353f02B88B031A59512","02:33"
"@nanashinoannta3","0xf99ead3a5B94cd5dEAa32c5b5120027b5f34Fcd4","02:36"
"@CRYPTOGROWTH2","0xb2E6cAf69b6287692956558eBF113242Ed5a3e6B","02:37"
"@Nev21174443","0xc0188172e16D1F86Faf3801fD526C495f4d3948e","02:37"
"@CryptoKvc","0x741B61deA1765E49B8fD4dF39047719975771C5E","02:37"
"@CreativityVent","0x2506c6D15F2b847cc8DBaBcbC2Daf8Dc1375AC8E","02:38"
"@tiago_cabrita15","0x6509D273e9F5393A6440305f4AE2aB0ED0235a37","02:38"
"@_Scrypt0","0xfe34C95238005cC0d49Cde0cD27a86C2D82a282A","02:41"
"@CryptoAstuce","0xdDdc4bC9d662DE76e79b002670a2785B2381d486","02:42"
"@AlphaGonny","0x42Cf491E0C0969b0713Ba49993cEC1E8f6144DD6","02:42"
"@Art21Ordinals","0xE6fbCa0dd3d6520aE1c6695BAD6Db4eCB44822D9","02:44"
"@BACHIBOUZOUK17","0xA0aFEf53f4fD932693Df99298a12FfF028081460","02:45"
"@airdrop7ledger","0x42711b8b8E35aB63aD447dB80fBfF28264Da2395","02:46"
"@CnftMillo","0x92d95A1e457C3da61B69A9B86183F49ce9D62D8E","02:46"
"@totorarasann","0xDCfeB1bcda8FEf7c1b08d761bf7Ee96A50d4C3BE","02:47"
"@tiago_cabrita15","0x6509D273e9F5393A6440305f4AE2aB0ED0235a37","02:48"
"@lecuong151
","0x3c54ed8fb853504df862fa9fe5647aea1d26ccc7","02:50"
"@shinobiman9892","0x64318481FA18D44237bcA4956ac621992cAE62Da","02:51"
"@TheNoppera","0xD31565DAAe92C3345f7Dd4d550952cC93DB30Ec2","02:52"
"@IcloudA81594","0x64358E5CC5CB4bf9ef3F3ee2d24B42869510120e","02:57"
"@CleytonSouzadeL","0x8A91d71C259B4ea15e468E982167F2Cad125880d","02:58"
"@Zitl3oud1","0xf9f117947958320D3dFe6207D2D849AD55472D94","02:59"
"@HuyenTrang1618","0xeedb07ae31191e8e803685887bf653754f2f6f52","03:00"
"@YLieutaud","0x9fe9b7d01F3890d2EB5EbfBCEfcbCCA8F7645a6d","03:01"
"@Balmas28469","0x3Ace72997F89289e7ABe1394bE8c9699F8Ee689E","03:03"
"@DaveRenta","0x782E7D70113f1f4364C6a3a22544ADCEa6CA3b62","03:06"
"@BAG_Hagag
","0x9f76373846CbB6e2d19F2e8ec2adc1f8a58B01fA","03:07"
"Kheops","0x030462053869121e2C4E65bA9Dd31490E94CB8DF","03:08"
"@AirDrop35641602","0xf8960F84c74c800C90427DaafFeb437F82A9578D","03:08"
"@wattatrick","0x128b16CF53b7Ea103F244e7F79b656fE6761f84F","03:09"
"@MeD1a_92 ","0x02dE5082EA62a4f5E5771Caff13438D99fFF9457","03:09"
"@Forbjn","0x6Dd653fE18F5e2b04E3e6A507aABfF563D4924Cf","03:10"
"MOH0MOS","0x7FA219C24918Dc91B479b1AE4D9B5Ee83B29e1f3","03:13"
"@cryptonono39","0x2BCf3DC34e616f01573a4d6C55b5D3a3921F243b","03:14"
"@floach61892","0xD8962FcEa59949eFE58248DcDcAE5eCA6113BD65","03:14"
"@naftali1096435
@naftali1096435","0xc66a3b05690fd22c4ee3da84ef153b7a009daef2","03:14"
"@DanVy68","0x7bbbcd731cba881f624e05a00d1a9cc2a9c9ea87","03:14"
"@twitwithtrigz ","0x743dc7078c4e935969b7fda502235fccf731b8a8","03:15"
"@ksum_leon","0x1Faf26184c1B8AaCF60c8DCCa49b4719A7222c0a","03:16"
"@wattatrick","0x128b16CF53b7Ea103F244e7F79b656fE6761f84F","03:17"
"@jvaleska","0xA9fD03e154e1B3Cbe88F1b515E7EbDAb2d640b60","03:19"
"@GgGg1667229","0x64E927c85EA4f6584BBdD79a86A5F387652a679d","03:21"
"@_HereForTheTech","0xADAB128bc64b2f0BcfdF1E159bae3F31E3FA51f3","03:22"
"@turluthutu34964","0x576D3B3E266744f99Bae0fEFc4f2780FB57FE2ee","03:22"
"Khephren","0x1c620f06E17B48Bc141173633A5cC48fE1d5682e","03:24"
"@ohisama7722","0x93bf656E487369A81BDA62D73A8c2A68081fE2B0","03:24"
"stockiestd","0xA938a05dFBD9a5DED3DBB6f92c5D6f0C89341657","03:24"
"@YallahCryptoZ
","0x4f33c4463cF367EBBbE3463835D9ef1942bBE206","03:25"
"@ninnjyahasugoi","0x86Deb60613fA67A207e4B0cdE127E87653D1e3cF","03:25"
"@zerovingtdeux","0x33Dc42Ef5B37e4ECc2C16C7F5B0aD95F701C1855","03:26"
"@neventheboss","0x5e5351219b9b9da69744A43101b9395BAdC9a2e9","03:27"
"@expert_defi","0x9288D36548b084d0ADCa9376E7E2C7263Ce5426A","03:27"
"Akhenaton","0x0d609736cBE775380B54F5999cD8D065B41c7A83","03:29"
"@garotiSounders","0x14af26f5aa439fab77ba5d2b0ef3d13822d96726","03:30"
"@RealCasila","0x77d790df9F0769815A5ef417599A91996EFD8735","03:31"
"@twitwithtrigz","0x743dc7078c4e935969b7fda502235fccf731b8a8","03:35"
"@vilanovaAr36476","0x54773c49CBadC1235e1DEDd63045Aba8230eF245","03:36"
"Toutankhamon","0x1F87868B208842eC7441838180BdD32f4D581cBc","03:37"
"@DoanTrangnemo","0xa0154b50af957dbd1c2a709b57245b8462284e11","03:37"
"@morpheusfrom","0x6c347d8e69b5A76E9B9dDCD20ACb005Bd897519f","03:39"
"@cryptototal3","0x19716B73b31A1cc50dFaFBCbcfaC6AF344810827","03:40"
"@InvestAuRapport","0x25219793a91348553F75A130c7e0A5926e8E3126","03:41"
"@der43e","0xdC0De2428Be322D925f58EFEea340CA54301FB95","03:42"
"Z3niXx_alt","0xD3D034c097a40243847Fe630Ce633D13f760dd0C","03:44"
"@tiago_cabrita15","0x6509D273e9F5393A6440305f4AE2aB0ED0235a37","03:44"
"","0x7Ea5e8bDA55ad9AAE8f4Eb68F73158c373A3566C","03:46"
"@NemoLan","0xbbf5a035239183918839094ec012c69eefe67836","03:49"
"","","03:49"
"@heliolopes82 ","0x3142673B9200A0a24530E2e5bA0045d041a07db8","03:49"
"Akhenaton","0x0d609736cBE775380B54F5999cD8D065B41c7A83","03:50"
"LeGeNd_TheDJ","0xD8Fe32F15Fef21470B4D83f2Ab99209418E2dEd3","03:50"
"","0xC676f784fD5af80528d1b493848C43960AC0509c","03:51"
"@IEgwtw51434","0xeC3De.base.eth","03:52"
"@Mowgli5755","0x3eFA358323CD28eabA0dC4D6822e09FEa36472a5","03:53"
"@VAW23_official","0xec596A3E17F90dE883DD7Eb413e827A346fE8930","03:54"
"@0x_LK1","0xd54357DAf1ba86f1B06Ec3aBC655Bd28721519B6","03:56"
"@AlertHunte","0x63a2869f84cB8ecBdC83A4F2EBcB9Fd00092F05a","03:58"
"@biverboat","0xC8BaeB428b9afA07DB04201f826B267cA379c0Fb","03:59"
"@DeggenOne","0x353fe6DDc039861CD8861c3645cCB38125AfdE54","04:00"
"@Tyler__almeida","0x960412fc0898375da3b45182ea8542aea738add3","04:00"
"Garancebert75","0x433179393017212f28b502a35Be29eBbDBFCCf35","04:03"
"Anjo Lopez 19
ANJO LOPEZ 19","0xC16C5896BC864FB6D3a32455EDe6c27dCe7577C3","04:04"
"@kiluaweb3france","0xF3430C11bE3045bF877dAe8FAca868caEaB373C7","04:04"
"@raian_borges","godraian@gmail.com","04:09"
"@pro_jacek","0x6fD086D68C7f67A7B11746D02225bd5705bf13Ee","04:11"
"@Zbichelol","0x539594df10698b2014B5Ad9C668ABB11682cbCA7","04:14"
"@lonewolfonchain","0x2cE36F48557A757eEFb672E3eF1905223d963d5C","04:14"
"@LuuTienHoa96","0x1412729138834ffa100473cc7a749C7d17fb73b6","04:14"
"@DegenTwo","0xb8404Eaca9F38A32A0e368Ef097F993E72CC93d1","04:15"
"wen_moon_ser_69","0xC8e03e10350367eDf9EfC71e2aF824A2621c9A20","04:15"
"capybara_HL","0x58017B59e7f7f15e6fa89567E0321D2E9cF7Ea48","04:16"
"MaxenceCornet","0x5581a2536F0cEb3500079c574DDdEB515D8b027e","04:18"
"@15r3d","0xe8e4DBF8090928008588eE9736C6eE68D9C5D6F8","04:19"
"John","Johnrjennings0385.cb.id","04:22"
"@cryptototal2","0x17A010CD76914055E243475259AD82C8E35675cf","04:23"
"@undernodes","0x5bF4210Fd458E78361CFebe543346ef7282c8Cd1","04:24"
"@birina111
","0x4D370A02074704C1d7f369c00aCF663fF86e0E9d","04:25"
"","0xa8a2188916D3744569327C4B1E067729f9443182","04:25"
"","0xeC3De.base.eth","04:26"
"@AirdropsMas","0x46805badbf7ae2acb331c93f1a658fbdb8bc87ed","04:27"
"@Toto489608","0x96e26B539da5AE603C300F907De843BBE9736f33","04:27"
"@Zoobbidda","0x4eC92bdA45937572f5e2c9e1ceD39B6A6dd2999a","04:28"
"obymuralex","0x5e73dB576902084f7B7Bc0c099eF6eedeFa20bf6","04:29"
"firedemoney","0x39b028947c54B630de7D5DA9Daa67990053599C5","04:30"
"@malsana","0x9e9820e0E726F011565C8C0DFCB1c5e4beBf617E","04:30"
"@rom198_contact","0x8C6d2a0b184c1F4354aF7a6aB46Cce0Ca4E2e0B9","04:31"
"@C3RJ1","0x907d8E9b66b06fC96fcD58cAaCb113CbDD586b43","04:31"
"@Oliv241107Oliv","0xE6C6191722F0Dc5D811c65dc94D650015d8C1166","04:32"
"@sifu_lam","0x0E9BEEe0eebd1e1b1E49E2d6011Cfd0b59bb79C3","04:33"
"@Axel45884851
","0x12BA58aF1eafb7CdCF008fb65d9621f5550fA00e","04:33"
"@n23eo_n","0xF02e2554774Aa16780A07dAb3Ef2d03967d7Ae0F","04:33"
"Ramses2","0x59c530055DAAf3Bc8216570897D0957481319ae4","04:34"
"@atsuinegiramen","0x2Ef1D565EE3961fFede475ff857FE63e9F5A0228","04:35"
"@expert_defi","0x9288D36548b084d0ADCa9376E7E2C7263Ce5426A","04:39"
"@ymg90s","0x1799326dBC8222a9dDaB787e4c485a3f59520900","04:39"
"@tottoranndo","0xbfA4707AC724F908C6E125992cA1073877E79C7f","04:41"
"@Babasamg","0x194471F6c68703CB4dF648Aa6FF4Eec7d4c35606","04:43"
"@tommyto32275492","0xe5FAABeCBcd780d6Cc318d2c6E0d85de9EdF13A6","04:44"
"@ItIsCryptoclock
","0x4A3510eb7B00F0b910f9d704553e269f0281fBFe","04:45"
"stockiestd","0xA938a05dFBD9a5DED3DBB6f92c5D6f0C89341657","04:46"
"@pLVe4pr1sB5Kp3T
","0xCf3B35077E9E8a64654B2C0b67cDeF5cE2ae34f0","04:48"
"@is_not_me","0x54EB63E72B24E9757a7f2544a3088c3302489677","04:49"
"@FlorentCarpent3
","0x838A9A5079e16F7c19aEc198Cb6cb42d145dFB86","04:49"
"@JClv57918535","0xE8B5C9A27568C49d64C52087772b35B1F6886Cc1","04:50"
"@mickaeldiabaye","0x08Aaa30a8a9BB3320ec82BD254AE08211dC24152","04:51"
"@comaartC","0x21dC204a56732756fa9304384045113856c6690d","04:51"
"@decviper","0x9f3abbdb437b8fb43abd44f842ae35ec52ae79b3","04:52"
"@Mondilo_ADA","0xC416f054B960C2E5014bf6039F95A6725a169fC2","04:54"
"@Angelo_Cryp","0x9Ea6450D24916E1D4027cc91918F58a87c0Eb2d5","04:55"
"@outanlauren","0xF8Dc2A8a1960f765898d8ed3E33245e6b238c69F","04:55"
"@votor1337","0x02d73acc2c609d1fbdf0a1d42e29e406ec8da2bf","04:58"
"@robin_dessaigne","0x82c3536eB2D5e4D4e16B2A82F5760Bdf926AaCa5","04:58"
"@JeanMarcBE23593","0x93a5EFB36c92BF6b853e469d73513050C8FE4F43","04:59"
"https://x.com/sinasTr4de","0x9d3f687a2B1b215B92886Bb93E89633bF9579fA7","05:00"
"@egldmvx","0x3198eDb222d3e57a6c30e6aCB04eEfd5b6d9b870","05:02"
"@eternelOx","0xDd336079C8301AbD3340B447e1958bA60De6750f","05:03"
"@bomdersus77","GV1ZaAGJbevAY2PSGrUY6vRgu5YrxYzX3tvmXpW9pNs7","05:06"
"@chewbaccoin","0x598aC9f2031997862147D6a0Fcd075a5A326d051","05:08"
"kitsunejules","0xF4A1ed8A9e89Bed9037fFF41c74D7C653fDd9e34","05:08"
"@v4l41963884","0x02CAE5185D618c24E902CD984556F595F7d414a1","05:09"
"@LecameSennin","0x17542889f48d43e97e70bc439d6a130c7ed5183c","05:09"
"@djckcbsk","0x04b0f18b9b1FF987C5D5e134516f449aA9a2E004","05:11"
"","0x21E298405039fb678B1D46C0a358fFDff37D4f71","05:14"
"Druidomalino ","0x00774b87Cd6a3ca66B9d844431FdECEaA4F73282","05:17"
"DoctorTooNice","Doctor2nice.base.eth","05:17"
"@SchizoDegenAi","0x3e3672B23eB22946A31263d2D178bF0fB1f4BBFD","05:21"
"@BenF74219059","0x28Aa5c6653bF726A70EC922Dc310dBcfb90C7dC6","05:21"
"@Roumez7","0x9A826c091f16E4956020B8FEE6d4832F69b34774","05:22"
"LeGeNdTheDJ","0xD8Fe32F15Fef21470B4D83f2Ab99209418E2dEd3","05:22"
"obxium","0xf65DB13b5ee031CB0ebBa525eF21aa6C586681b3","05:22"
"Cubionix","0xaF96d0f5eB09ec2dd5c0b9D887acb45201464481","05:22"
"@ICENANTANET","0x3a059ca2b7CeF069F021005e4713DFbEb91c5906","05:23"
"MoorMelanated","0xFa55e568B7dd81a92A2F2d3A2A95AF53B44Bc8a1","05:24"
"w0lvegoesBRRR","0xFf42bde5F7A348f4Cf1e4dEAe9AE4945a3c0Ea37","05:26"
"Yakaoupas","0x4f4A0F191557b28155b7672D49A9d659fFfaAC51","05:28"
"@golberg39","0x8a9e29773B93D64EE6a3D7b72E2d42661972816b","05:28"
"Cryptonupey","0x6c0d12eF5745d0215c5698478Ba68606Abe07230","05:29"
"@cheap_dinner00","0xF6D03BffC87A77aDF244Bc034eF44CF64C3E0A83","05:29"
"@Moonv_base_eth","0xBF21091E249d7c81A3468963819629a9554AF9d4","05:30"
"@0xSlick","0x202fcf96114678daecc81f33e442aea10f2b6cf7","05:30"
"@ouou1234567890","0x14db26E68eAAfFBaeC2F4F8949A34Cde28462a55","05:30"
"@get2nextlevel1","0x83AEc4CF2a45299efB39fDA62B277c5a342a72f2","05:30"
"@_yafoy","0x47B8C706596aA7E95751Aa5292E7936518B1e4ab","05:34"
"","0x56517446a1578a3789598b79139544aFf9AbCFc3","05:36"
"SimpinaintEz_","0x24f8BA469131A17d8609204Ed4C0728fADE21A62","05:37"
"@novasko17","0x20574C8E055B21f0Fd18B7d9bD49Ebb0c9734722","05:38"
"@CortneyWinnie","0x83077AC854719CF3275b330f89B09eCa323E4676","05:40"
"@Leeeroy95220958","0x943Fad332d266b1b8a9EB56Aa62Fc8CCd3a2BD19","05:42"
"@0x_Deus","0xA22082EAAcb5A5ffcC25d692eA7fC4Ba1F451d30","05:43"
"@musicguybaseeth","0xf56E55e35d2CCa5A34F5Ba568454974424aEA0F4","05:43"
"@mason_rydb84833","0x6420B714872964c8e5983Da0D03B2287C193607c","05:47"
"@Keysow9","0x78db3729E58EcB6BDFd32e13801e197399b55d45","05:48"
"@LambdaManu68426","0x4a85A642222502177b130E2d34972A021DeA2D10","05:49"
"@cryptogc24","0x33ecB33581177dCB93109bAdd57Ae0eFAa3837Cf","05:49"
"@Nerobi58826725","0x57B90a59920E3a88AF8317e30eA0e3B6A26c89f4","05:50"
"@61_sylv","0x24a30823bd87E785B0c4B3803a2bffD91eb6876F","05:50"
"@0xxZino","0xeb4a01126E68DcB5b1e00C18A60eB0503b698acF","05:54"
"oliva_tom46595","0x24554c8aA00E987dDf549BBad4106Ed554aDfc8A","05:55"
"@Romain_bsnrd1","0x053BBE06Ad4F726C55367742A57A194B729a24e7","05:56"
"@rovelak1","0x7110d3E465845fa8bAfAF6fc07afc6cB4A981d68","05:56"
"@kino_cyber","0x49838aA6c98260aa1738fbef639f9793333a5B60","05:56"
"@dejavugames","0x489BF60a8a0d3884286816d9D1e9BC266064d5FB","05:56"
"@louloucrypto_","0x221d3acC2f44B7ed97D2F276ba807338be173877","05:59"
"@Akashi550","0xcCDB3Cd7b6A66199F32DbB8b7260DD9627e0244e","06:00"
"@netero1082","0xa73D8070D6901801cDeEEa620a10E9e6eb21A1Ae","06:00"
"@TheNoppera","0xD31565DAAe92C3345f7Dd4d550952cC93DB30Ec2","06:01"
"@masavaultboy","0x1cFEeF45908BA299Fb5a16d9BEb4Bf60587448Da","06:03"
"@MaxWinLuckGood","0x50f3Da7962F5c6e06bD8986624af4dfC2FB26C1D","06:06"
"obxium","0xf65DB13b5ee031CB0ebBa525eF21aa6C586681b3","06:08"
"@supertonneau","0x497C36D937d719B707f30Df81f7D9F2F11Cd5d49","06:10"
"@chrisw09986009","","06:11"
"thibaud","0xAFf9e92B86858f6a284f226A23bEaFAd89deAD2F","06:12"
"MoutonPowerR","0xB212766790771604164B159fe8090958F78625A7","06:13"
"@vidate_t","0x4849c186bde517aeaa81831f1f067b65c52cc78b","06:15"
"Capstiller","0x555949adeEaedd22D9c41DE10966f32eb6884507","06:16"
"Ramses2","0x59c530055DAAf3Bc8216570897D0957481319ae4","06:17"
"@Per_galle","0xd8ef33BDDc2716Bf46Df7142D7068A35EB832e94","06:22"
"Satoshi meister","","06:23"
"@dipxed","0x0057Be07BEEF5D9B4Beb9e2d147906e83d1915C8","06:24"
"@egor65884","0xd6a4b364daf1b7ea54474e87c4d9919f043da8a6","06:24"
"@alkhatib94","0xd0482C09B1f1dBE2a74E4612234b0fFfE8E7819E","06:24"
"@pLVe4pr1sB5Kp3T
","0xCf3B35077E9E8a64654B2C0b67cDeF5cE2ae34f0","06:25"
"","0x68d0239dF5DC4c211F4e260174567608b9c7e444","06:25"
"@rivuus","0xBC18d3471437cE1DC1365658e1f8BcF2b6C1833B","06:29"
"@Achuth_OA","0x7A6996F85806e7F4586cf9Ac141714b9d9b750aE","06:30"
"lasaladem","0xe6db30dA89E8C6492dA3677fA9B5a7D59124995E","06:33"
"@networklolo78","0x61985f9cDcd37BC84eB376b2c8733cFbb7Dd457f","06:35"
"@evilchrisis","0xC5cBDD47B04640aa7Cb4Fa273289DBC16c5eD626","06:36"
"@cryptoazarashi","0x1a708f64a1bc537ffe636d0721f1371b01cc59be","06:39"
"","","06:40"
"matherly_c35477","","06:41"
"@patbanya_","0xbab9818A39D9bABa5B5ce3B0b1fD3CfFD4E5fB3a","06:41"
"@NanniAntoine","0x5A043a817E7ED50B8B0C2e581e4339480f619c83","06:43"
"@VRobvd","0x8f37f0654a652c2ea9E6d1caa44f37baAC61C346","06:43"
"@DansaultAxel","0x85C0ab25c2923AcC36c8d5e04d0306777494945e","06:48"
"Dakoodak","0xEf643dDE68777C39a7004F0aB8c7F1dBae8B151d","06:49"
"@FreeSiphano","0x202c5A84660e96125578Ca72D2F735635228c297","06:50"
"@DamienBoudet","0x56d53FC7A17f7E6B93f7BCE1C68EE7423A3d61EA","06:50"
"@Thibkart","0x9fF10612aF2b7ab14dCdaeB2f8E41AB6F54d020D","06:51"
"@airdrop2web3","0xF4436D52daB492D57C0b053B6e72CAd0074c1D43","06:54"
"@campa_vince","0xCc652aB60599E1F86E28da963C736F6283062550","06:54"
"@hesky123","0x105AE604B7c0859941BD8AB2455b5e89Ef3E8970","06:55"
"","0x62F00B3a343ec4aF8b62319647b99D162C670D22","06:56"
"@Luthorito","0x1C1acA4484405dCF2B8B193F6d9C0C5C7cfF8fA2","06:56"
"@n_pucci","0x431C3624cA92eF9A680FdE97eF62eA1DF1a59e48","06:57"
"@ShrifMouhamed","0x7B6a4e7923fFB70DE72FF24dd25Fb50415a89CBE","06:58"
"@DamCrypto6","0x85A7175cf06A5dd82f8f1175D2cb3974026c08Ed","06:59"
"@FuryoCrypto","0xC91C1f719056dB3a2ABb3054d3A4C95076a0978b","07:03"
"@maaax1x","0x88286474C68D9C675D884425C26182BdF1461625","07:04"
"@vitolo_eth","0x76F34d1a4535241eC054b49d969bdB37F444eb38","07:05"
"@GibertSimon2","0x3313a6D1bF847c3D3A9e9D5e10c16A0aA9DDe14f","07:07"
"Kimichan_21","0x8820E3eB38A80412a2B5C7a84E17F7d1B8D71043","07:07"
"@TheTotoCrypto","0x285C97D3004dD01367d4851B0E2bCA073B335BfF","07:07"
"@CyrilleDupuy","0x9845bfdDb7418448f291E05554A75be52b5F0dB4","07:08"
"@McMibal","0xC399Cb4679a5F59a6a4F00473437D0273Dd5D7b4","07:09"
"@CryptoMage_YT","0x1609f039A96ce10756f5C6D403a80400DC081a02","07:11"
"@thompag56","0x797ae17ab4fDa327E0697B99E5671E5e963A8838","07:11"
"@Cariococo","0x404bC8c36188CB2A0E20EB49E4f2C7F12Dd15CE1","07:13"
"@01_dieu","0xe79824980fcF6F7D3Cf18854D2593199E4ecC941","07:13"
"@Floyzz","0xD376f8009bB2eB50C5fCde6d4c5C1Dd0d9F0A78a","07:17"
"@hitze64","0x7bA50a11C2B726abb4B4f945B04E11C192cd1d3d","07:17"
"@Bnj94_","0xc2f2aA8Fa18Df47f03C73A674Deb422108bc3b76","07:18"
"@GyroCryptoCoCo","0x687D3A45Fc64b0B25b2D1109206CbC101FD42b28","07:19"
"@Swifti_cto","0xEE7cAa68A22D0433bB52C0c5ed687728b87aC43C","07:21"
"@BobbySidle31718","0xE57a32aF6A57bCB996C7c3De3431A7993C8e83dD","07:21"
"@_Gazettebale","0x56063c205244AEC9e420367D831CeA8A310851f4","07:21"
"@CryptoVega_","0x533926ccA70Da5aC33CC382414AAad71845bf09D","07:22"
"@torpen83","0x0Eb4D08BAc0AD60DCC1Ce8027f8802f4325F3A82","07:25"
"@0Babilu0","0x1a62e7aF4C95AE14fE60e275Fbf00d30130FE34F","07:25"
"@JaycCrypto","0x960FcFc3eCBd0A313F5d899906F2a36f7b24104A","07:25"
"@0xWizzz","0xf3A55a179479C766C5234D874bf0F3DAf6BcbAa4","07:26"
"@Corentin_Blan","0x55AFe9E5b17b0cb6EfC204fC1BCf01b24ca99653","07:26"
"@IrmaChow81900","0x8Fa8d52585728dD21c419edAaBc2cA81Aa4B8e85","07:29"
"@MichelB75235983","0x9b940D018872C21D0883dA07d13cA2AD6C03e5e5","07:31"
"@remidotfan","0x8eD876fdEd3699C590Be3E12cef56E23376eff3B","07:32"
"@DopemetaX","0x548a5765b33b7657804d03097F2f7327545b8B16","07:34"
"@BigTunaFra","0xa987EdE1C48ef80F7493D467F8Cd8e1cF93cf190","07:38"
"Adrillus","0x3437462e36eDA6b43bdD136453cce060FC3EF559","07:38"
"@twittosmalade","0xe482D4F9bab4771bAf06A92EA796102E581388A7","07:40"
"@funkypiks13","0xbAca7818cf92A9025572081004E3C6d5aAF5Db26","07:41"
"","0x5e047202963a44aa9F4bD0965925a125Fd5D17a7","07:46"
"@faroti_eth","0x2979ff333543047f4ab7ce3ce78c7926be4cc82f","07:49"
"@JMsre64000","0x28CdD7827A8FcebE137753B03790633aa39bdD2e","07:51"
"Nomadecrypto","0x05b5BBc2A62D4C08C842b7112820bDec352c4F31","07:53"
"","0x9c2dc8a764619e61d5565240070d53be821c1eaa","07:57"
"@La___Baguette
","0x66d0C41e0E27826e60C322E09a0D61796F4563D1","07:57"
"@Rextor__","0x3cFE1ae3D2037e1f39D64dd63E0C3D299cFc6103","07:59"
"@achillou2712","0x646a537D67b697EDd7d9a4317012Ef3B945939e3","08:01"
"@ayan1423","0xCb65EB6E9c48d110C02f89D3c9A13255F5F865A6","08:03"
"300blkJpeg70975","0x96c542e5CC8C8b675938f5c05f2d22C6EbF74B0F","08:04"
"@cresden1","0x8CbcbAA074974A7BA6626f8d6ad8d27AAA4b3e80","08:04"
"@preemnft","0x9c9477E1765540B5b2FC2A068aDf72DbdF51dB4F","08:04"
"@twitwithtrigz","0x743dc7078c4e935969b7fda502235fccf731b8a8","08:04"
"@timberSashSE","0x4AC9c82D9d42561a13094787C0Cf927CB49f7232","08:05"
"bostandziev","0xbfbD69e77976530D33841690A94B16D8aaf0b033","08:08"
"@hequetjullian","0x3E8B585D95F5A01Bc57ad45f4f1C20d73e7F3C66","08:09"
"@jaclinton04","0x285b001131c6De38Bfa671c38899d735c027c471","08:09"
"@asemirim
","0x6B0C5Dfe1170183BCd63349BE19F403e7f643caB","08:13"
"sifulamb","0x130FDD72C1003823bBF041625904539074671082","08:14"
"Ojitospitwo2","0x824B3c341979904C85d2cD8e50f8f2456B70EE2F","08:15"
"@EAuvergne43","0xb60d694c3596c6bbc6290a6d6fb5482748b054fc","08:16"
"algofluffs","0x18Cc856c7AC512018c82Cc957A8377C5e817F910","08:17"
"@zerfbit","0x4E75E1B8d9A0acf272B2539C6E36fF9B08D20F7A","08:18"
"@La___Baguette","0x997DF1F1D63b1E3d3a9f8CC7EF6783c5fEa0196b","08:18"
"@lnrvz","0x4fce17a0bd5FA1F0697A8479391305B7C2da34a8","08:18"
"@4KITTT","0x0fa837970fc4c4a3fdb49d40b3566b3038575967","08:19"
"@madisonmmiller","0x7BE4F8b8402ff85d6Cf752672FA014510dCa1599","08:21"
"@Tikalys","0x0f740Cf9cDD7Ef88caa4a69796c9713b992ecc8A","08:21"
"@reallyryl","0x6d1b0721A5564E0e6984aA74165979771ed00521","08:23"
"@samsam67100","0x5Cb58BfA6916c501cD3D0839Df2318A6e288d05f","08:25"
"@Paulo9374","0xbA64A4e5641bcd04530c0bfEaeb25471557634c5","08:25"
"maatttissss","0x10d89E655A8a9bfB3FD35E54F997232aC6D25B36","08:27"
"@Souidrami","0x1E8d9f46F1526d8f5640000c83a81b92578bb380","08:32"
"@Zoobbidda","0x4eC92bdA45937572f5e2c9e1ceD39B6A6dd2999a","08:32"
"@QuB170","0x9cBF302062b68D3b1b7A62De8c2eDadDD49064F0","08:32"
"Ojitos17pitwo2","0x824B3c341979904C85d2cD8e50f8f2456B70EE2F","08:36"
"@AveCaesar_753","0x9419D4624789D38E05Fff625C3d129a4a8C315A6","08:41"
"VDl20153","0xE5184BB12118C3b2c1C2f6Ad10654bA3eEE445cF","08:41"
"@cryptototal","0x1913E4578C1CE0f5EB0C21F6be08A303F2d6bf53","08:41"
"ev0b","0x9A075c0Db6bb6a19c589876697Cb94a64E6764a3","08:44"
"@neyouche","0xc9754C3BcfD3fD6ddC263C1c6515DA1cbB3CB65E","08:45"
"@geppinex","0xbb484283cC0729F2593a398A5B54e5885Dac3E2b","08:46"
"@n4ilyk","0x46f6e3fcC0dEf691906d6c92C44dD032aeA8049D","08:47"
"@SMARTPAPERS01","0x7d7112E367Ced08a6b4a88c809894B84706d59D4","08:47"
"@YannisDubois2","0xa612B322Ce6F3d2e3d11275E289827fB8ff8FD51","08:51"
"@TimbersashSe","0x4AC9c82D9d42561a13094787C0Cf927CB49f7232","08:54"
"@LoranP4","0xb8B47B86C1608667abbE1a642A08BFa69637ED4C","08:54"
"Roiril","0xcd2B55688C038B79D6F041C63017Fb992FBDc3ba","08:57"
"@mineradorwar","0x36090cfF79dD01940c710aC3bF962D9c498C664F","09:02"
"@BebinSebastie","0x41dD0416F763361e96a88610bb2364B690BBD14D","09:05"
"@JulienKervarrec","0x79d094ec6c7d4987652e3f5551D22D9eF5A49678","09:06"
"@hyosukj","0xa09325d99dA1471dA38E29b9654ec274371fd4Be","09:06"
"@coppercode_","0x07F62F48709B2c427E54e102531D07d9E21Ad99E","09:07"
"@ArizoPr0","0xC398220de66c6d664b91148668fA754f8597cdaC","09:08"
"@Nono_3925","0x5111Fa46b34a5a89E76d0DAb7993C0c28292F3a6","09:14"
"@mw_magician","0xa56AbdEb8b39de29Fd8986e9C038165c7A7e82D6","09:18"
"Garancebert75","0x433179393017212f28b502a35Be29eBbDBFCCf35","09:21"
"@CiterneThibault","0x2510ED1f029211713d244a8817F21fa15B882C70","09:22"
"fafcrypto","0xd53314c970059C003DE57C2cFcebFA45392B7F09","09:26"
"DoctorTooNice","bc1qvjnrsuwpz4fmj64m90ghyaxmhvg7nmgajahjcz","09:27"
"@bocan75039785","0x562ACbF1e648fB32e6D792b64Fe5cC320386CA99","09:29"
"@zanotyy","0x2ff1F4B506b4f91b13C00ccC23cDFdDe95A57539","09:34"
"@0x3dgar","0xE4b00E9e3f044EEE2269CfbbE2CCC7fdD52A497E","09:35"
"@cryptoto044222","0x6f0fD2c9d2B5D3bc7ccC30EE5bbDF0010383e949","09:36"
"@CriptoJean","0x249880A80769b060A9CaaaaDd2CFf1c2F9072150","09:36"
"","","09:38"
"@XIII77819709","0x2Ff2fB0F0d4CD43CDcb42E85D98e132230a65ad5","09:39"
"@shinobi_inj","0x9616766C0Df03668Dd0C828b5dB455644998f037","09:39"
"@Ctinwens","0x6b644664064B37D2b245d8CB20d63f1D860Af92a","09:41"
"https://x.com/moongorer","0xFD8A26B4f4231752e737a1780CdeD303da50Ea9F","09:43"
"@jackback47","0x32d910cfc8B6E472154cB14eAd6aD6d92c1E2eD5","09:44"
"edgarhavanne","0x33d9C6Eee733879b6D051EFe4788582338992f19","09:46"
"@SebastianV04","0x6738A7AD3785A5517AB5F0CDA6F8FcACC3F2BF56","09:46"
"Fartinator","0x7Ea5e8bDA55ad9AAE8f4Eb68F73158c373A3566C","09:46"
"@CryptoTurfuZebi","0x9914D1e539645bde0c0a031bA1379F023955292B","09:47"
"gioua","0xe6ED9Bb7aE5E082Cca6cC4E07C29c69C4a68CE04","09:48"
"wayofftrader","0xe0Dca6770223fb1C35E9d89cC1b55696a9109bcc","09:48"
"@8Dc5DD","0x8Dc5DD7af1DC1c7E9f3AB5db76A46141A54f1FA0","09:49"
"smolting69","0xAB1C0808627921a251f5645d676Cc3efC7629053","09:53"
"musicalbasement","skinnywave.base.eth","09:55"
"@theo_parotte","0xFB18883B76E8c899056b0e35C03B7D3B4fb83312","10:06"
"@VRobvd","0x71855A423CE02c731D8a520D01297F4587cA2913","10:10"
"@zbeblusitinho","0xe0d9309930385CABBf1A5d3B578a9A79943b47eF","10:11"
"Tyler__almeida","0x960412fc0898375da3b45182ea8542aea738add3","10:12"
"@p0uet21","0x4772A15B7fbF67aeb3E954d9ddbB8dD50147b077","10:14"
"@GigaTradeChad","0xc7d57c61a8f04dcce1e10f3ee50f5bb4cec9a568","10:15"
"@Nanaud_FR","0xedB2e9bd803ed1964C1869a85818e95fa0bBB63f","10:16"
"@titigrominet","0xb03dAC533B0a5f9cd690daeC9fB7D1CFbee85876","10:17"
"@VAW23_official","0xDE2e4Fbb91763b16cC59c3A34d6AAAa521c61c0B","10:17"
"@depin_pomme","0x1F3Bcd409b2B2D88259AcA77115e858Ea3c65e9c","10:21"
"Denovacain ","Dnova.base.eth","10:21"
"@so_brutal_truth","0x830bc5551e429DDbc4E9Ac78436f8Bf13Eca8434","10:22"
"@MichalKlimauk","0xa2f116468f8c60830A881a2F9F7669A0cd44A341","10:24"
"@Into_The_Stacks","0x0671D77376069262cc075746eAF8Bfe82B008C1C","10:24"
"@freretote","0x4aE1d1a1917ADF4f12a1F9293f0B93C85b8E2831","10:25"
"","bobitajmona.cb.id","10:28"
"@KOALACRYPTOX","0xcE30ADC4146C42BA9D32c2b85373335e80440578","10:28"
"Legend_theDJ","0xD8Fe32F15Fef21470B4D83f2Ab99209418E2dEd3","10:29"
"@IT_ChrisT","0x9b6D9b55346e059Fc821EEB0d5f7da11a1278960","10:33"
"Sv77724051","0xF9342Ca12523B157cD381891f2E87BA4699A6D1E","10:36"
"@smnxz123","0x8BBE8Fe4DDA236f8D6d537Cfa26ad8cFC905BEC7","10:36"
"mechakc14","0xcC76D279C6D9423F5c42F366f5c34EF9887A18c4","10:40"
"BITMEPHISTO","0xC34c26530DD2323A3c75D1c3B2769C87D0709081","10:46"
"Shigo_Darkfly","0x94202A8d63a4672D19Cb40e4D01cF4d9307F0f64","10:48"
"@zerf01424944","0x9862FD5b8dbFbe4e887d244d28e53D792dED66EB","10:48"
"Filou_crypto","0x2e722908a2E708b2180d5e1f809573831833F4b8","10:50"
"@jfermoreno15","0xD42cBC05975e1403F2C234821f26f54cCA60740c","10:54"
"@SMelody777","0x08d5925626C701580d5b41BB9dCdFcE023A36308","10:55"
"OleafStrongbear","0x19Ab90a385e2a2acD5724A59196B42A93825dE27","10:55"
"@0xluucky","0x552d585ac9b1191a093a7b4917c84efE3aC061e0","10:58"
"@sauvezmonfils","0x52f7B68eDC4ABE1443fb8a1848935eBfe269169B","10:58"
"@neorca","0x87941a73F2EA8e05DfA2854561E307a786c5E8e3","10:59"
"@Amaral815","0xB1e7901F0c930927459d286c50Eb7a1D63F21436","11:03"
"@FromTheGrav3","0x036631a163767EC4B518bA3C234185811f7D9827","11:03"
"@plmrx","0x0c3EF07338d82406F4E49bcb6DF157B94A3dcD38","11:06"
"darcelo","0x004b639bbAa7ad8696e50017B6b45872c64Cf7c8","11:08"
"@__UTXO__","0x65c73ce12D4aD924410aB0b6ddDF02096547F6F7","11:11"
"@desoleth","0x92adBAc3Ffe903e002b9aD8B5465bF7Df5b266d2","11:13"
"@max_kutsar","0xce1A8d1d7C9c038d9bf471a38CF90eC72362bAee","11:15"
"@youndr","0x42224F1ecd0258BA5689C91b75cE084f4bd32ad4","11:19"
"yun_fr","0x1AC205EfecC2fE31377E273dB93F4Bb145C67A19","11:22"
"@ansingluigiroy","0x88ccbC8cE8199C61b28d2B495301C745E90A8BE9","11:24"
"@jedman08","0xd8E0e82B5182598dd2688D6b7816aF8c98532578","11:29"
"@VesemirE","0x087cA5Bacf37f23d4b346a8E36C1b45352b37359","11:33"
"aki_rito78692","0xdB4e664E5aD83470eAA81Ee85445a59004B15C18","11:35"
"@colerypt0","colerypt0.cb.id","11:37"
"@Armanifeante","0x7f5971D611E81A80d552DE7ffFcC85e3d35Cf182","11:38"
"@6Bazinga","0x17FE7565AA7D86B5392857574a32613DE150fcBE","11:44"
"nattchil","0x05F761AacD63e4e96Bf98f0fE5614De5Ba90856C","11:48"
"","Corym.eth","11:58"
"Hot03","Hot3.cb.id","11:58"
"@GonesinGermany","0x66911f0d4C73A9189Ed29ecAFC1514236F51dD45","11:58"
"celsaad","0xe0e1e7659e40a9BcA693aE085910bFFFfD8593Db","12:00"
"@dayreon1","0x91E5d7F787272cbD36b69C695de0F211Bf3fBa8C","12:01"
"@0xxZino","0xeb4a01126E68DcB5b1e00C18A60eB0503b698acF","12:01"
"TheDojiETH","0x4a843aA4d6dc057A5e2C76150c6CBF747Fb13C36","12:04"
"@kumar__474","0x152013199dd985d9983da25c85b88af57e600383","12:05"
"@moser_damien","0x2cd84C5a739c12202FE92b7CE488abF643578A3d","12:06"
"golaz666","0xBfb7E6c7F2a431Bc840eD9293A92702AaeB483d5","12:10"
"","","12:11"
"@JeanMarcBE23593","0x93a5EFB36c92BF6b853e469d73513050C8FE4F43","12:11"
"cookingfresh_me","0xDd2acCBB74F11D2EcaB1a76aB1659c19Ad401a91","12:12"
"@DeCoCoo","0x6152ce681832632a79f0408bE9EDadDd81884541","12:13"
"@ludomat","0x585E184Dc84968F83e5702659e7e4546545979C0","12:15"
"BARTOFRENCHKING","0xbecF6C00E5CDd516eB4213E8744dbA559e988B38","12:16"
"@metaverse00001","0x1C18D2EE03D22718bdc0C9AA22611DCb855fB867","12:24"
"@bryptoConsuela","0x8B881349c69fdA7E1121Ae397383aA2002f9f418","12:25"
"@testphoto8","0x22df8f85ad9850151582f89e37237bf0517f87dd","12:26"
"@AutonomieU","0x8A00923Dbb6C7B43Ae712A1dE31dEB68c7636D36","12:27"
"@joseph42223128","0x82AF599aE8a62842dA38be6E5d4b14cD5882bddb","12:29"
"@Gregleg6","0x7b92FA5050cCEE5B987268f76c93334e8459dA1d","12:33"
"@ConFlux1618","0x45d993393f7b3fe781935e1155118c7f830d4415","12:35"
"@_remzzer","0x02993A451610cA07E48Ccee18EA4A56ab1D6b90e","12:36"
"milou09 ","0x4EF9C6f53226F291882fCF2bC6bf0bA8b64987BF","13:04"
"@GggOlivier","0xdAdD6633Dce6B02D8b2181A5a5beD70aB073A44B","13:05"
"SkayzenoX","0xe325014a51491481c1B361ed212ceFbfE8fcc9BF","13:06"
"@AffinityDirect","0xEC8AFF769B4995a5dB62C26212Ca612f0914Af2f","13:07"
"@turluthutu34964","0x576D3B3E266744f99Bae0fEFc4f2780FB57FE2ee","13:07"
"@mousezx5","0xcAD8cFB0E040e60C713a67BF50e0C7aEFDF80d36","13:11"
"@oknoart","0xF4b40B20572D117EAD7b5ca3C7eFf7d3CBdC4067","13:11"
"kurama474","0x8f09ed2F4421b8B798E245caa907bBa67b28cfd9","13:14"
"LaufLukas","0xCa873378Eddd7aCe3F10FDc3B52837F1dA9Ba7af","13:16"
"@AnonyneName","0xc5Ddba26702cfbA00b70244C11efb427D910D2A9","13:16"
"@GrgoryM99808088","0xeE672cd701402F70d095eB856CaEC163dC56dE78","13:20"
"@pays_dorient","0x90875A5f685BffC38fD6D8630ef5ac745409641D","13:24"
"@nik_baruch","0x31cFBDc9B8C2f1a303365c72F7CA16d10Ef7a7fE","13:26"
"@frjml_rhr","0xb5B5911be79127Cd21DCd895dDBf21Db00eD447A","13:27"
"@JbmohrSkibijb","0x03e7ab483eA1d177E4BE2472bF16cA17B8cF280d","13:30"
"@Obydoby202","0x21af8b05e3b717585a4FDFFfBabe12BbBeb1Ac07","13:32"
"@cryptocyss","0x4d8515934a0b5D801d5d20d501F3a429002Fd986","13:40"
"PoderosoNRG","0x824B3c341979904C85d2cD8e50f8f2456B70EE2F","13:41"
"@Rosk015","0xB05Ed8D08Af44A4DECb46fb24A27302921bE5917","13:42"
"@purplearccc","0x593693Dccae0d16185Da7Bf8a7B78f95ad25aA9C","13:53"
"Pulsaur_Art","0xc0BD8ae8D84A1b985eC171A1545dFf5A40624666","13:59"
"","","13:59"
"@vadum089","0x394a44683ff05ef31abd675785b0b493ab8c8b41","14:02"
"@wizzar61","0xcB589a4c9e5648fA772A991D56a008B1114e9567","14:06"
"@ChLuciano1","0x5BBC0C59b09a19BAd8cA77bE5eAc45c44EFD3d56","14:07"
"Novee_VeenoX","0x77A89C51f106D6cD547542a3A83FE73cB4459135","14:08"
"@Moonv_base_eth","0xBF21091E249d7c81A3468963819629a9554AF9d4","14:08"
"@orcounter","0xD9a0a16E5A634bF5a02962b667f17C65bAE14086","14:12"
"@Heure00H","0xbAa168126A9f847f66A1DA0bCC27d8a96Ca202E2","14:19"
"@GORI898989","0x42fE1d842D0937e7E21C21A3CF9F7FCdAa977E31","14:22"
"@SSeari_a","0x9014C0Aa041d637ed64d022BF237112a6B550532","14:27"
"@R2SiO1","0x800417f1244BffB037F177F9fC8fe1Ca822425Ba","14:32"
"EscanorThe01","0xD1C986A3c2d4DCd4b2ab507f06B5063356c11C9f","14:32"
"@Adodaim","0x5a5D07EF209bF2e2608405cfB0B7D7d5df396a36","14:34"
"@elcascadorlesco","0xd152926BEEFd40cAef59040A2144980e481A59e3","14:34"
"@wattatrick","0x128b16CF53b7Ea103F244e7F79b656fE6761f84F","14:36"
"@Smith0101010101","0x4c8307b5221b80E3Aa8807eBdF363FD7458FA71b","14:41"
"joepadawan1","0x46f3cC6a1c00A5cD8864d2B92f128196CAE07D15","14:48"
"@QuentinflyJr","0xBE0888DF488E553eCf5c46E417f3EcE90C8d90ce","14:48"
"@Mixxema","0x4BBa504587d11f490C56ea02E53f77eE7AF50783","14:50"
"@Patrick56505279","0x9017458f487CFB97a62fBFfb4E439414C5849623","14:58"
"@themikefloyd","0xf506fbFF699d6d35041161F6B7e778aE09D46D01","15:00"
"@yun_ametrine","0xD51720952A9418E975061dd9124A332B9D8400b3","15:02"
"@MyMonte4","0x9A75e4b607Ea0aB30F129Bf8e65Bc86Dc171DF95","15:07"
"@raianbgf19841","0xe5cfBBEda4E52B89cf4d1aA68979A0760c39fbBf","15:11"
"@InstantPaisible","0xE78d6C6A739f3b68EdB1Ff6A80a977952c21C781","15:12"
"LuuTienHoa96","0x1412729138834ffa100473cc7a749C7d17fb73b6","15:13"
"PoderosoNRG","0x824B3c341979904C85d2cD8e50f8f2456B70EE2F","15:19"
"nokycdao","0x4Bb32D86606f0601aaD2aE36C8b153968544Dee2","15:25"
"@kino_cyber","0x49838aA6c98260aa1738fbef639f9793333a5B60","15:29"
"Garancebert75","0x433179393017212f28b502a35Be29eBbDBFCCf35","15:33"
"daeb","0x9Feac85E7D4C9be9f35cab36C4fd64cC7cBDDAeB","15:36"
"@Theo_georgalis","0x416585400014C38c5c983767eF74a4531A645f83","15:37"
"balrogus93","0xEA292570cAdd4d66797cbcca8D519A39aaC8435d","15:42"
"@confirmmachine","0x8142e24f59714Ab52a65E640F3F7AC0c6B2f0a88","15:45"
"@Baudy116","0x304CaA5d96c844e331E368c38A3A4CfC0a921D32","15:45"
"justsomenooby","0x52F8B09FAc8E1B7D7dC45643CA27d0f573814AB8","15:45"
"@giacob_x","0xB701c7139324C79682519fc76282eF4173f79B26","15:46"
"@RMouchrek","0xF4F5020DA3150F5ed642a9a7f56D917432803966","16:00"
"@0xezgh","0x02f3EEA7A398cc1F4a11259C89C675086D8FbFf5","16:00"
"@kevin_laroux","0x8c0DA62b2F992eC731cE92Fc30B1B5227D8C14a7","16:01"
"0xMistervain","0x132A3912963C6b0836286776e75c63C508043364","16:02"
"MadnessInvestor","0x083c828B221B126965a146658D4e512337182dF1","16:03"
"@Rouplouplou1","0x9c7AaA2876517920041769f0D385f8cBb8893086","16:05"
"@dianazora456","0x435172C1B669839dE487c8A26BeE3124E2f06D78","16:06"
"davidmagre","0x8e6371957Aab7e89f974fB785E221F1b76a52aAE","16:10"
"@ticotic_123","0xaDd634E4A2427A9cf3F6e71B38627fd43f57e0C0","16:11"
"@4R35S","0x75c91aFD5561DC78C912ebFF3597890decc46C82","16:33"
"Allan_0x","0x2908847BF3Cc7f8eeDd16C41ec56662D7bAfa0fA","16:38"
"Danie1_RTP","0x0F0550855EFcDC8539ac5aA76Ddd5bBE6D9c8Eb7","16:38"
"@SHOPYCBD","0x123b0bc9cA5Df6c11578770402177C946df63700","16:44"
"@st3phbg77","0xDdBeACc7391342fcD48A1de75808f9Ba356BaE03","16:45"
"Unknownuser0000","anjolopez0019.cb.id","16:45"
"josemanordahl","0x6e24d6321e7dc9Fa80110E4f2ffc11882f5848f9","16:48"
"@Boris44625372","0x6825835255f1957c1d0b90ccdab879ce62f1b6b3","16:48"
"JnOoO","0x41A31AA891B1860878286D0a9DF8C3EDCE7f22Be","16:52"
"jgabyjah","0x3e5C18c8eeEc99040E4Ff0E7515aa8cB8fE4D55e","16:55"
"@SOLARS2024","0xd598e0Ccbbc94714422d544f1Caf162234C296bA","16:56"
"@fractalia2","0xd9d5024ee742D5603EC433F3F90E9825967588fC","16:57"
"LLcryptoJ","0xAc4EEAEf50B544de17AF52E4f3cd5B7E3c9deFab","16:59"
"@bubbish","0x7f98DC177eb92d2CB27714c389E73a3Caa275eD4","17:00"
"@CryptMunks","0x5e089Ad3C10aA5e1b19f558f88B1c3Bd9eBE81a7","17:09"
"","","17:10"
"@p2sn875qx9","518 Irving st ","17:12"
"@crlucifer","0xa8Fe4DBA19bDF11620bDC4793ce94905EF09d176","17:13"
"@BabaxORum","0x3Fee32190048efD645FDb459Af492a3adDC487Cb","17:21"
"@L0rdS1rius","0x879f0E5cCF6f2DB311517B29d62fa26B071Ae4B0","17:23"
"@jitzlim","0x29930111Ff12D3C75b5BE8889568C5aD6A9D6CB1","17:23"
"oothkoo","0x1C389f1f85Cdb3C2996b83fAc87E496A80698B7C","17:27"
"@xenmasss","0x94cDBF69ad672Ed4EAB377CdbFfb75C3893bEBFb","17:30"
"@Crypk0g","0xb22EDc4Ef3398bdA2647D36F12A3f534A71b57f5","17:37"
"","0x11076434695CffAB61F88E38c1e49194fEE31242","17:39"
"@Black_Renegado","0x00eF535671BB9c13D195c5Cc2fa3a65f522B764a","17:39"
"@faisse0","0x2fD0ce636E36C02aFc99ca09cBEe1ab7cF8d3c29","17:39"
"@Moonv_base_eth","0xBF21091E249d7c81A3468963819629a9554AF9d4","17:44"
"@astr0hades","0x7eef6f6aFfb8d30dBfC332e9f3065B27aE80D5e1","17:45"
"@TounsiSamy","0xce9676a73d91c5a30c84B141cC2D81A2821Ed20b","17:52"
"@cachotjohny","0x2E1651B8f615F2959AA2daa8aACABE4E3D4b483D","18:02"
"@JueJohn_D3","0x2A475D696a131567cAF27EbddE7025F2913a97d3","18:04"
"@Cumrocket131419","0x0eF20e44Fc48E2EfdB6F7Bf33F0F8Fb06b1eAfBb","18:14"
"@malsana","","18:19"
"@abalonestudio","0x023983B8e86f243212c62ceb492596DB4dd91ADC","18:22"
"BLANCRomain18","0xab6FD2F7ba94FB8f5F3201d8e7E29d9A61ADaE15","18:26"
"@bertillo1983","0xA999D0213a54f4682a7ae3733476b54624425159","18:34"
"@mikadext94","0x1bD3FE6Bf64b022752b74bD8C2ebC034064F4538","18:44"
"@pieniaczopulos","0x860FbDbD4785D13edcC454fABD980C790ca0fE8b","18:44"
"Bestxrinthawrld","fedsoup.base.eth","18:50"
"@travellerish","0xe5f542480BfC2BB948777996D9d42DC98C78a6d0","18:51"
"@satoshi","0xeC3De.base.eth","18:53"
"@rachkos_eth","0x5b8462dfb2311053792a59d33101128bfcfd83bc","18:55"
"@CryptoNupey","0x6c0d12eF5745d0215c5698478Ba68606Abe07230","18:55"
"@lonewolfonchain","0x2cE36F48557A757eEFb672E3eF1905223d963d5C","18:56"
"@Marcelosouza_in","0xeA83f81904C0635D54D901E8f08690d931F84C59","19:01"
"@ohiohirunerune","0xAAaa04A727F4CD60708986E9769690F97e160716","19:02"
"@ViktoriaLee10
","0x2561A831fd110C1e81Db9e640a6f0b144047B41c","19:03"
"@24crypto000","0x03101B346a8cfAFf4f8a37621aCc5420206B3eb0","19:03"
"@CryptoNateNRV","0x20e62122FdEc9eBF68C0AEF2f5D3A8f16d06b2FD","19:04"
"@oppswons","0x9801A551F058571B128D0995FF4b4AA3443Da6e8","19:10"
"@enyotaa","0x126e10e2e2E920f16dcA66af50d1dAe5996eD45B","19:11"
"@Aforceone1","0xd0793C144c7E09c3D7e0da7a8384c31D0577f838","19:23"
"@Dragon864578
","0x45b4950CFDF33fd45F376edf7c14615e031D9a62","19:27"
"Kaisers20200107","0xb3E3333e9554751d68Ff65B7107E5590A3C5dd60","19:44"
"@bbcapexpredator","0x992007e4E23949e54b13d34e4AE27Eb406CE351E","20:19"
"@faraway_son","0x43f2a95916117ed09522d4438136722b6275b176","20:44"
"@Syderal_Sydney","0xB8495F35288B123948759319d784A92087BE2C26","20:49"
"@dejavugames","0x489BF60a8a0d3884286816d9D1e9BC266064d5FB","20:50"
"@PedroHedro1","0x1d68FD5064AE7820E4597641FeCC94B9C47cF217","20:50"
"@syoutt22
","0xDE9EDb7659FfC872A5661331dbd9b6657227E577","20:51"
"thelayer3guy","0xA28A89C9d6A52F2F5a64E3f3b764ED686FBD76EB","20:55"
"@hoaraueric5","0x85F04C9eAF82722367e114D7814092CFB77b03F1","20:59"
"","rigatoniron.base.eth","21:03"
"@Forbjn","0x6Dd653fE18F5e2b04E3e6A507aABfF563D4924Cf","21:05"
"www_szp","0xC0eA3aFEb9A83EF8f83A5Df7C563a3b7c4A5fAe4","21:09"
"@elmenago","0x90811C6839f1a792104B9eD1c54290ba1dD60D98","21:11"
"oranj0x","0x929b67DaFF3787CEf9061eCd474FbBEEBBFa8311","21:12"
"@CryptoFueg1990","0x31105c1Ce029047F6e558Fd9DDaaBC8e3B6Ef8C4","21:15"
"kazeur_crypto","0x5E29A0bE24F398Fc59Ef804D93f96996f5a8ACa3","21:17"
"@taureanhall31","0x2aa8FfAF7a6B87a977A93D1969641316B60562a2","21:17"
"@turntupalek","0xa8689AeD80EcC9441ADF22b5b068A7B70f7a5a57","21:19"
"@yun_ametrine","0xD51720952A9418E975061dd9124A332B9D8400b3","21:19"
"@ymg90s","0x1799326dBC8222a9dDaB787e4c485a3f59520900","21:22"
"@rogamire42","0x502dadBB0f4310DfcE2e15212891Ac8417913173","21:23"
"@kkntj7","0xc650C509D9e4a542e46ecDE38A986588F8Eb5636","21:23"
"@ndgtlft","0x5CC5057D9231113A9c70d37b012e2f9f08d184d9","21:31"
"@Gun_Tzu_the1st","0x451913dF9062d9Ea23EbcB990DC00A30a83f262e","21:36"
"@ramir_khanx","0x176833010aabEA8F34A368aac6043F6AB8cA333B","21:36"
"@BudInMyHat","0x4B710BD4451C588f80AD7637D290320FE9F67254","21:42"
"0xhellia","0xBE7bFAD8952Ae92abB8779Aa4D6826839e82Fa3D","21:46"
"Melendoug","0x2f70cfeb4d49fa9b5daf24C85E825E80e3456B47","21:51"
"@p00paa","0x85CA517437174438C6f1F01C501045BE559C68De","21:51"
"@Jaimelaitchauve","0x21E298405039fb678B1D46C0a358fFDff37D4f71","21:54"
"@km_mmt","0xec8287FaeF6cD7fc9887BE6e40D6ABC0Ccb29D2f","21:57"
"dfj","0xc9dE68A08D9A06278A6F73BBB3D76dFd43A25cae","22:19"
"@jeormadi","0x68dfb2f2d2f4afc37181e38d596d0d112c3ae5f7","22:27"
"","","22:31"
"@Okan81911017","0xB574403b1c2A594BaE786A7B31c78A9222a48095","22:31"
"@AlertHunt","0x63a2869f84cB8ecBdC83A4F2EBcB9Fd00092F05a","22:36"
"@zibsbtl","0xd350D88de28804025389E5807F5F0CCC86b55BBe","22:47"
"","Mattsolo11.cb.id","22:49"
"@temorala","0xe05E6280E61F67D70AfB2E3eD530AeeEbe0E22fC","22:53"
" moshmosh0101","0xe0846F244C98E92bE80a5b1A18e15548d3800AB4","22:55"
"@KyberDrakon","0x3841083E92C0A577C3305C78d13B35b402F9B39B","22:56"
"@SmOaxes","oakes810.cb.id","23:01"
"","0x42710f6b63E8F23F39Ba4356174E0450d6540a81","23:03"
"@saags97","0x988773ADdb9507D1e19B0ddc11aA9a32b15FFd9a","23:05"
"tomt80s","0xeab804590011d0650fcb6c4da1870c6e9ca062d1","23:10"
"@Francis51285898","0x64bAC0FC115Ef0bb3e49EAcafE89a8404Dbb4c8a","23:14"
"BernardoAl8020","0x2778FdC3dbc3553F1f6f26D8d310F08DB49abe4D","23:21"
"@followairdrops","0x1bbC0D7dEF52461D4e93D1A1C9040fA39E0907F2","23:38"
"Keksli83","0xbac4d25d5c08ac6f16171ce76f5a6a42d011db9e","23:47"
"gtmcknight","0xFE35e15bE885750D9b2363cbB6aBDd57AC9C4c40","23:50"
"@IvanRod39249327","0xB7Ba49FA4Cf4091BBaE03c9F2e91e08c296D7C67","23:55"
"@SPLtomo3106","0xb322A72F478Ac7B2f39c925F7514827f5516F4A9","24:04"
"@Jouf81","0xC8D46eb7881975F9aE15216FeEBa2ff58E55803c","24:08"
"@LudoChapa","0x39a45d10EE79Af0e7F7b849B37161836C349ED9E","24:09"
"@RainmakersJapan","0x9330065A70E54aD29Cf60c2C013E69900Da13D73","24:17"
"@ChrisCripto2025","0xD8C9194B9B1Ccb61ccA565228020BBBF835860d5","24:25"
"@dabrakan","0x524E2a1b369BBe8E2D4Eb9fD5BB56712E2c43319","24:30"
"@samitobr","0xCb0D7149e65b51891eACbEaEE59775AC207D7fB3","24:34"
"@renbague","0xe79eCE09C4240DcB3d632585dF427D824223FD04","24:46"
"@_bonepark","0xD5Ed3F6079ffFF4f5E3B2422887E18A45A8d629e","24:47"
"@eternelg_","0x582c013f61A80Ef97c486BC0A4Da6F4cc6ffa37C","24:47"
"@CryptoAltcoinFR","0xa7CdD4608E647431E931E5F9eA0784D2a71342ad","24:47"
"@Bobkoch42","0x850876Ba231FEEC311cE2aAAdC1099bd1996f995","25:30"
"@Bhzack_8","0xC44C1A12c03B884C67D2CBaFAa45D5550d336374","25:30"
"@gakuchantin","0x3B66bA89D561aB03448DF100B9C9EAcC5bF8dfed","25:42"
"@tiago_cabrita15","0x6509D273e9F5393A6440305f4AE2aB0ED0235a37","25:45"
"@slothiisleeps","0x7F0a38C92A77aFe97ed3340D095893090b034C83","25:51"
"@Aleksander921","0xe88AdE0824ba4DD6a36891dD60B83C20462B3545","25:59"
"@dmitriy97717879","0x62050A8fF39250A6B6E35938A2537524FCaACD58","26:02"
"@life_with_be
","0xD6f14caf5dB98820628e0acD3e3A7009b96C8861","26:10"
"@greta_gremplin","0xC34Ef2E1f74403C1366f7Ee8E02465378734994A","26:27"
"TheScoopy1","0x387cbA805A719A1613488E489a8E7F0DE63aed14","26:27"
"@Yannosandwich","0x79F45fee8ABf4C4985C8C6784EBB8a3f7EDaf4D7","26:34"
"Ojitos17","0x824B3c341979904C85d2cD8e50f8f2456B70EE2F","26:35"
"@crypto_web13","0xf724421b77ce727240fa150eddc9320993daaf68","26:37"
"@Chachouto173696","0xe3C2f8915a5902a70E46d2D1d08f7e874032cE34","26:38"
"@gskrovina","0x45db9d3457c2Cb05C4BFc7334a33ceE6e19d508F","26:39"
"@luisjcsve","0x52b4af394C7DC271C9716084A46203ad8431e1B9","26:40"
"@back2control","0x188697f39E2eC9e6E3C5Fd5cBB36b8C01C81a53f","26:48"
"@thompag56","0x797ae17ab4fDa327E0697B99E5671E5e963A8838","27:06"
"","fawkyumean.cb.id","27:07"
"splash9s","0xB7338876B76C4925e9599b60324C4b3894CA7F09","27:08"
"@bandit_fat","0xb3Fc23c0A9345c649a8f36B45b69EeAAE9e99e06","27:14"
"@TheTotoCrypto","0x285C97D3004dD01367d4851B0E2bCA073B335BfF","27:16"
"","","27:19"
"SimpinaintEZ_","0x24f8BA469131A17d8609204Ed4C0728fADE21A62","27:41"
"@DorseyAlex70110","0x3543249627b6670e9e7c09C5BE9D4d5792Af6772","27:48"
"IgorSmailov","0xC25560E513de24d927Fd1779fDCE848e3d1a9907","27:50"
"@JoeLee88795","0xbc37c037efdc8136fd80f94d89cacd762dc52204","28:06"
"@Ottakringer01","0x56A408e7Ff2186C21872Ab36544fF0742ef6193f","28:16"
"CryptoFournese","0x0ef9761Bdc0d5cf4bBC14F4613428f8437b5e732","28:28"
"@math_dslv","0x4626856Aeac78c0B91Dc0923Ea54Ce5B6dF504BC","28:56"
"@SniperMi3","0xcCca379821A19F6E5224F511f1806D91a81Db6D3","29:06"
"@0xqbarneyeth","0xE13b0d9c049d6100cB6228384Fb324bdC61A588c","29:20"
"@Maksimorno45832","0xB7D23AD9f06c82a10fBa874BcF3AbC9dA5aAea7F","29:20"
"@Marcolino1896","0x5e047202963a44aa9F4bD0965925a125Fd5D17a7","29:35"
"@dubelyou67","0x1C8f44d6C8c7FB717f2947e495f650539F8C1424","29:39"
"@easy5533","0x33B288FAdf23e4adCBaA7D4456e48d6B5FE473e4","29:42"
"@JeedTullo","0x0cA5dEFCe6A7f08f3d5d529d3b5691d322e1340F","29:47"
"LZhonglianga","0x8a000A812f53c887CEf2945fF06aaf00a5f694CD","29:49"
"@Delblondo1","0x31aa25Fbb6223220aD84d23c08a62c9897F884F3","30:00"
"@Misterw0lfff","0x44ebdB20908b124ae447b986b42E09c7Ff65fee5","30:27"
"NikoDaTroof","0xc5438e71a5312e23542212Ae5bD3FB114492021A","30:34"
"@edablog_nft","0xE57410d12D7c1cBbaD80D337B32e5917dA18d569","30:58"
"@egldmvx","0x3198eDb222d3e57a6c30e6aCB04eEfd5b6d9b870","31:03"
"@joeljr00","0xc3db340625fE6f0B80C47248Cd0FAAb8469a9dEB","31:05"
"@jaclinton04","0x6d56e3Aa54a9b982828F8eC4eBAAdbDFd70dDab3","31:07"
"chukibcn","0x9dC552A659D48c4479E2231E56a9f93161483Ee8","31:31"
"@Joxa_00","0xF63711d24410aaCCa1Bfc12AC76eB561b57ceDA0","31:48"
"Danie1_RTP","0x0F0550855EFcDC8539ac5aA76Ddd5bBE6D9c8Eb7","32:01"
"Syndicate69420","Razorbaq.cb.id","32:08"
"@doflamingoat__","0x757159E70053B9AECEfDA3D4C914FBB79FA4C0f0","32:08"
"@sull_char","0x0B7F033585D8ff2f8885624bB186cA310F669F84","32:19"
"","0x3597d5717Ed738fCF5A755E104f5dC7b31E83B4f","33:06"
"speermmann","0x12F72CFd58De931834CBd39177037e75aC890d85","33:13"
"@yue8b","BTC: xpub6Bvm57P6q2YdxjmP76i3Nikg9PmPEFurBYiufkXYZpuU7EjdSSs7riVHXvued4z43QPrQeSHzB6xUs8L92SWgxDfN9jWesUZ4Usax4jjnEU, DOGE: xpub6D6D1CBBApb1jvYHv42CYJos2KvF42m2Zvs724tEPdKpQVsxnEgdbaTAapNWxanyD58yf9N1AyjNns1435NqqmJ26zKiT3xu25EqLSEkrga, ETH: 0x1CBc051b8f4548Bd27507b4f2df9Fb03972df62E, LTC: xpub6D7FCpcdAXavTd3dk8PvZMGQL4wbAidbNCE3wVbuvNNiewhKHNu49CdU2pTitR85odCLVRHpDiZDeW6tmhGwKGje6rBBFR2jNZDFZb7dY3A, SOL: FgBTvjz13GMq7XA6gXb3ynE86MN18q442QVi45rPB5Xm","33:14"
"@TDD_Sterling","0xdf86613CaE1E9755C40116C21FaC199322e07968","33:15"
"@jedman08","0xd8E0e82B5182598dd2688D6b7816aF8c98532578","33:22"
"@ba5edmerchstore","0x26A3737261178eed0E66a70967F2DBDd9798afb0","33:33"
"@mera_takeru","0x7bEED30332656CA4220CB2ce8E4508fb18013E8d","34:32"
"@Light0verdose","0x228eDd2c5EF8253EfA1B9Bd12df0209De26b86bC","35:04"
"Chacha_da1","blazemoo.cb.id","35:23"
"Pitusd","0xaC5A4173B103f3ECAFd393234680B146F6701d09","35:24"
"@PSwitten","0x7F669D1B1C39b134000c1a953647c3b8002b62f6","35:32"
"@Proshkin_V_V","0x082784c86D4D6E9cA0E19e93da1F78B116bd8307","35:41"
"@BigTunaFra","0xa987EdE1C48ef80F7493D467F8Cd8e1cF93cf190","36:15"
"Yea yea ","","36:25"
"@s0crypto","0x3Ce22A097E3dDBaAB3909B64d70ac0AcD96f9e7f","36:36"
"terrorpixel","0xCC994D0D20842FE6c7329Bc8129b7bcb35292b95","36:40"
"@n_pucci","0x431C3624cA92eF9A680FdE97eF62eA1DF1a59e48","36:49"
"@MELANIERENEE5","0xb561946829d0fAd3aF8cA8f0310d33E6166592aB","37:10"
"@Jalalll_l","0x7329435b50C94877A60d3Cd3ca1A0A0daa7BE09F","37:14"
"@Zygomatikdan","0x98c7a0c5ec68939D43F30488E673F59B668967Ea","38:19"
"Jacklauzier","","40:12"
"$pida69","0xCaa792DD3e4CCBA61101ABB700252818C1f86b11","41:34"
"@jahians","0x7DEf4637D2C42feCb15Db87F14CFA1D7F732D8cf","41:44"
"@blindknight52","0x1Baea697C01368FCb59dca5Ffc51FdF91b042205","42:55"
"@Tonny_Hd","0xAa92eEa9843a6c63873B0956cE3cA61fbb85037B","43:03"
"@0xGoldenBeard","0x05eC7356e89Ba7B4fD92440DC9A85b0f3d7972bB","43:38"
"4myfamilia","SOL: 4XARF9C6HAuGCXAnYyQ1NaDuqsBg2kYZQJJmGwoLaH6G, ETH: 0xFb878237dDD1500Db3616a1CB078E465F30ED2d8, DOGE: xpub6CJa12YnevFUmwnPUx96Pa9UB1ZfkBoVa3jCt42VQTgmP3AmRinFURaGnoiZ5eoZqG6RaVJZXWtjWh9t1eAY2igufPvZQrpeDLCyuWFjKLp, BTC: xpub6Ch3hsrYRcyovzcwSwyVFRn8qSSktb5ciB6hqTXQVHxTePEXc5nTzjuYqE4wSv45LNomi7nXZSnc38cL3fLzRfMnYn14D4sTyxGf6FtGdyv, LTC: xpub6DSWNrd3UCgNUMzDfDuN3Dyd5M29EsyYdAtzFkpd8QDEKFp7gf2XUGTGD4yGjMwfowhetghs3DVo9sLz2dVn4XcQ2moq2FR9gQMihaU2tqy","44:11"
"@thesackattack","thesackattack.base.eth","44:20"
"@XsFcCZIzjurEJO9","0xAF6d4F2f0F4d08B34182234D6c39865B56Ab5B4C","45:20"
"@jinyu247","0xFa9e3639DfBcaFad3728c645F9781a434FE4e7f7","45:30"
"khoanpq","0x668540812466219A4cf9EF22151bB7E513010f17","45:57"
"","0x725Fc05d35FACc631deA811f1A40CDA32E82646b","47:09"
"BxFreak29","0x088419415D1A833930524310edDD85F62682aa44","48:11"
"habitforming","0x993A0B0b262C4885D4fdEA229C5D4C386225d12a","48:25"
"cryptosport0","0x0a6bC3389f4eCA70A1c97e357c689279f12c9460","48:31"
"@Smithhkp92","0x2A35563b10Bfaa79Aa807D6749aA6aF246207f20","51:49"
"@ThreatHunterIT","0x2F30B85111b1EE1ac648dD20987cDFb01F87AADd","52:51"
"","","56:14"
"cryptoazarashi","0x1a708F64A1bC537ffE636D0721f1371b01CC59bE","56:25"
